Team #,Team ID,Team Name,Role,Participant Name,Registration Number,Gender,Department,Year,Section,Mobile,University Email,Accommodation,Hostel,Room No,Payment Status,UTR,Team Lead Name,Team Lead Email,Registered At
"1","WEB-001","TEAM TARGARYENS","Team Lead","MANGALA JAYA KRISHNA","9924005189","Male","ECE","III","A","9392811889","9924005189@klu.ac.in","Hosteller","MH -3","628","VERIFIED","661626491135","MANGALA JAYA KRISHNA","9924005189@klu.ac.in","9/7/2026, 12:26:33 PM"
"1","WEB-001","TEAM TARGARYENS","Member 2","GOLLA ABHILASH","99240040794","Male","CSE","III","24S09","6301226266","99240040794@klu.ac.in","Hosteller","MH-3","634","VERIFIED","661626491135","MANGALA JAYA KRISHNA","9924005189@klu.ac.in","9/7/2026, 12:26:33 PM"
"1","WEB-001","TEAM TARGARYENS","Member 3","ERRABHUMI PRAKASH REDDY","99240040799","Male","CSE","III","24S10","8121701506","99240040799@klu.ac.in","Hosteller","MH-3","634","VERIFIED","661626491135","MANGALA JAYA KRISHNA","9924005189@klu.ac.in","9/7/2026, 12:26:33 PM"
"1","WEB-001","TEAM TARGARYENS","Member 4","J KRUSHIKA","99240040792","Female","CSE","III","24S09","8897337082","99240040792@klu.ac.in","Hosteller","LH-1","103","VERIFIED","661626491135","MANGALA JAYA KRISHNA","9924005189@klu.ac.in","9/7/2026, 12:26:33 PM"
"2","WEB-002","GUARDIAN MINDS","Team Lead","PUTLURU PRASHANTHI","99240040717","Female","CSE","III","24S08","8688543982","99240040717@klu.ac.in","Hosteller","LH-1","106","VERIFIED","459821937188","PUTLURU PRASHANTHI","99240040717@klu.ac.in","9/7/2026, 12:36:53 PM"
"2","WEB-002","GUARDIAN MINDS","Member 2","MODUPALLI SATHWIKA","99240040651","Female","CSE","III","24S08","8978433968","99240040651@klu.ac.in","Hosteller","LH-1","123","VERIFIED","459821937188","PUTLURU PRASHANTHI","99240040717@klu.ac.in","9/7/2026, 12:36:53 PM"
"2","WEB-002","GUARDIAN MINDS","Member 3","ANUGU SUDHIKSHA","99240040192","Female","CSE","III","24S02","7801075785","99240040192@klu.ac.in","Hosteller","LH-1","106","VERIFIED","459821937188","PUTLURU PRASHANTHI","99240040717@klu.ac.in","9/7/2026, 12:36:53 PM"
"2","WEB-002","GUARDIAN MINDS","Member 4","RACHAPALLI REDDY RIKITHA","99240040147","Female","CSE","III","24S02","7989819910","99240040147@klu.ac.in","Hosteller","LH-1","101","VERIFIED","459821937188","PUTLURU PRASHANTHI","99240040717@klu.ac.in","9/7/2026, 12:36:53 PM"
"3","WEB-003","SWAMY SHARANAM","Team Lead","BATAKALA MANIKANTA","99240040852","Male","CSE","III","24S10","9063583984","99240040852@klu.ac.in","Hosteller","MH-3","505","VERIFIED","625056205089","BATAKALA MANIKANTA","99240040852@klu.ac.in","9/7/2026, 12:41:44 PM"
"3","WEB-003","SWAMY SHARANAM","Member 2","DOKKARI AKSHAY KUMAR YADAV","99240040903","Male","CSE","III","24S11","7032105900","99240040903@klu.ac.in","Hosteller","MH-3","505","VERIFIED","625056205089","BATAKALA MANIKANTA","99240040852@klu.ac.in","9/7/2026, 12:41:44 PM"
"3","WEB-003","SWAMY SHARANAM","Member 3","CHAPALA VAMSI","9924005035","Male","ECE","III","E","8519848564","9924005035@klu.ac.in","Hosteller","MH-3","505","VERIFIED","625056205089","BATAKALA MANIKANTA","99240040852@klu.ac.in","9/7/2026, 12:41:44 PM"
"3","WEB-003","SWAMY SHARANAM","Member 4","MOLAKALA HIMAGIRI","99240041245","Male","CSE","III","24S16","6309354272","99240041245@klu.ac.in","Hosteller","MH-3","505","VERIFIED","625056205089","BATAKALA MANIKANTA","99240040852@klu.ac.in","9/7/2026, 12:41:44 PM"
"4","WEB-004","TEAM SHAKTHI","Team Lead","VEMUGODU MALLIKARJUNA REDDY","99240040181","Male","CSE","III","24S18","9603484372","99240040181@klu.ac.in","Hosteller","MH-4","89","VERIFIED","369194002870","VEMUGODU MALLIKARJUNA REDDY","99240040181@klu.ac.in","9/7/2026, 12:46:48 PM"
"4","WEB-004","TEAM SHAKTHI","Member 2","DEGA RAKESH","99240040777","Male","CSE","III","24S09","8374248157","99240040777@klu.ac.in","Hosteller","MH-4","88","VERIFIED","369194002870","VEMUGODU MALLIKARJUNA REDDY","99240040181@klu.ac.in","9/7/2026, 12:46:48 PM"
"4","WEB-004","TEAM SHAKTHI","Member 3","DASARI ADITHYA PARANDHAM","99240040776","Male","CSE","III","24S09","9505982347","99240040776@klu.ac.in","Hosteller","MH-4","89","VERIFIED","369194002870","VEMUGODU MALLIKARJUNA REDDY","99240040181@klu.ac.in","9/7/2026, 12:46:48 PM"
"4","WEB-004","TEAM SHAKTHI","Member 4","DADIREDDYGARI VARSHITHA","99240040687","Female","CSE","III","24S08","9346446802","99240040687@klu.ac.in","Hosteller","LH-1","208","VERIFIED","369194002870","VEMUGODU MALLIKARJUNA REDDY","99240040181@klu.ac.in","9/7/2026, 12:46:48 PM"
"5","WEB-005","GENZNEX","Team Lead","CHIMAKURTHY VISHNU VARDHAN","99240040864","Male","CSE","III","24S10","7416959710","99240040864@klu.ac.in","Hosteller","MH-3","217","VERIFIED","625052851715","CHIMAKURTHY VISHNU VARDHAN","99240040864@klu.ac.in","9/7/2026, 12:50:16 PM"
"5","WEB-005","GENZNEX","Member 2","CHALASANI SAIVIKAS","99240040865","Male","CSE","III","24S10","9502175034","99240040865@klu.ac.in","Hosteller","MH-3","217","VERIFIED","625052851715","CHIMAKURTHY VISHNU VARDHAN","99240040864@klu.ac.in","9/7/2026, 12:50:16 PM"
"5","WEB-005","GENZNEX","Member 3","SRIGHAKOLLAPU PHANINDRA V.V.NAGA BHAGAVAN","99240040856","Male","CSE","III","24S10","9542542572","99240040856@klu.ac.in","Hosteller","MH-4","198","VERIFIED","625052851715","CHIMAKURTHY VISHNU VARDHAN","99240040864@klu.ac.in","9/7/2026, 12:50:16 PM"
"5","WEB-005","GENZNEX","Member 4","CHAGAMREDDY MAHESH","99240040871","Male","CSE","III","24S10","9912105415","99240040871@klu.ac.in","Hosteller","MH-4","135","VERIFIED","625052851715","CHIMAKURTHY VISHNU VARDHAN","99240040864@klu.ac.in","9/7/2026, 12:50:16 PM"
"6","WEB-006","TEAM NARUTO","Team Lead","POLUBOYINA ARYA VARDHAN","99240040828","Male","CSE","III","24S10","8341835934","99240040828@klu.ac.in","Hosteller","MH-3","229","VERIFIED","999718559468","POLUBOYINA ARYA VARDHAN","99240040828@klu.ac.in","9/7/2026, 12:55:23 PM"
"6","WEB-006","TEAM NARUTO","Member 2","NALLAGGARI BHAVYA SREE","9924005120","Female","ECE","III","F","9391150187","9924005120@klu.ac.in","Hosteller","LH-1","142","VERIFIED","999718559468","POLUBOYINA ARYA VARDHAN","99240040828@klu.ac.in","9/7/2026, 12:55:23 PM"
"6","WEB-006","TEAM NARUTO","Member 3","VIJJANA CHARAN SRI SATYA SAI","9924005368","Male","ECE","III","E","9866778550","9924005368@klu.ac.in","Hosteller","MH-3","229","VERIFIED","999718559468","POLUBOYINA ARYA VARDHAN","99240040828@klu.ac.in","9/7/2026, 12:55:23 PM"
"6","WEB-006","TEAM NARUTO","Member 4","GAVINI MURALI KRISHNA","9924005140","Male","ECE","III","E","8688178799","9924005140@klu.ac.in","Hosteller","MH-3","231","VERIFIED","999718559468","POLUBOYINA ARYA VARDHAN","99240040828@klu.ac.in","9/7/2026, 12:55:23 PM"
"7","WEB-007","ATLAS","Team Lead","MANCHIKANTI VENKATA KESAR SUNEEL KUMAR","99230041026","Male","CSE","IV","23S13","7680802189","99230041026@klu.ac.in","Hosteller","MH-3","430","VERIFIED","474865420372","MANCHIKANTI VENKATA KESAR SUNEEL KUMAR","99230041037@klu.ac.in","9/7/2026, 12:57:50 PM"
"7","WEB-007","ATLAS","Member 2","D SRI VYSHNAV REDDY","99240040881","Male","CSE","III","24S11","9381413733","99240040881@klu.ac.in","Hosteller","MH-3","244","VERIFIED","474865420372","MANCHIKANTI VENKATA KESAR SUNEEL KUMAR","99230041037@klu.ac.in","9/7/2026, 12:57:50 PM"
"7","WEB-007","ATLAS","Member 3","PEDDAKOTLA BHUMIKA","99230041037","Female","CSE","IV","23S13","9849017926","99230041037@klu.ac.in","Hosteller","LH-3","110","VERIFIED","474865420372","MANCHIKANTI VENKATA KESAR SUNEEL KUMAR","99230041037@klu.ac.in","9/7/2026, 12:57:50 PM"
"7","WEB-007","ATLAS","Member 4","BOLLA RAJYALAKSHMI","99230041031","Female","CSE","IV","23S13","8106493754","99230041031@klu.ac.in","Hosteller","LH-3","109","VERIFIED","474865420372","MANCHIKANTI VENKATA KESAR SUNEEL KUMAR","99230041037@klu.ac.in","9/7/2026, 12:57:50 PM"
"8","WEB-008","ALIGNS","Team Lead","MAMIDI UTTEJ NAGA VENKAT","9923005172","Male","ECE","IV","B","9502694990","9923005172@klu.ac.in","Day Scholar","N/A","N/A","VERIFIED","129180061296","MAMIDI UTTEJ NAGA VENKAT","99230041069@klu.ac.in","9/7/2026, 12:57:54 PM"
"8","WEB-008","ALIGNS","Member 2","ALAMURU SREEVALLI","99230041069","Female","CSE","IV","23S13","6302098936","99230041069@klu.ac.in","Hosteller","LH-4","526","VERIFIED","129180061296","MAMIDI UTTEJ NAGA VENKAT","99230041069@klu.ac.in","9/7/2026, 12:57:54 PM"
"8","WEB-008","ALIGNS","Member 3","CHINNAKOTLA HIMAJA","9923005070","Female","ECE","IV","A","7780484509","9923005070@klu.ac.in","Hosteller","LH-3","110","VERIFIED","129180061296","MAMIDI UTTEJ NAGA VENKAT","99230041069@klu.ac.in","9/7/2026, 12:57:54 PM"
"8","WEB-008","ALIGNS","Member 4","YERUKUKA GANGADHRI GARI MADHAVI","9923005052","Female","ECE","IV","A","9989739438","9923005052@klu.ac.in","Hosteller","LH-3","210","VERIFIED","129180061296","MAMIDI UTTEJ NAGA VENKAT","99230041069@klu.ac.in","9/7/2026, 12:57:54 PM"
"9","WEB-009","TEAM GOLD FISH","Team Lead","SIRIGIRI JASWANTH","99240040837","Male","CSE","III","24S10","9014525750","99240040837@klu.ac.in","Day Scholar","N/A","N/A","VERIFIED","037438035088","SIRIGIRI JASWANTH","99240040837@klu.ac.in","9/7/2026, 1:00:56 PM"
"9","WEB-009","TEAM GOLD FISH","Member 2","AMARA SATYA GAYATRI KUMARI","99240041321","Female","CSE","III","24S19","8121205343","99240041321@klu.ac.in","Hosteller","LH-4","431","VERIFIED","037438035088","SIRIGIRI JASWANTH","99240040837@klu.ac.in","9/7/2026, 1:00:56 PM"
"9","WEB-009","TEAM GOLD FISH","Member 3","BHUKYA VIKAS NAIK","99240040847","Male","CSE","III","24S10","8328184374","99240040847@klu.ac.in","Hosteller","MH-3","9","VERIFIED","037438035088","SIRIGIRI JASWANTH","99240040837@klu.ac.in","9/7/2026, 1:00:56 PM"
"9","WEB-009","TEAM GOLD FISH","Member 4","BANKA VENKATA SAI ESWAR","99240040836","Male","CSE","III","24S10","7396784629","99240040836@klu.ac.in","Day Scholar","N/A","N/A","VERIFIED","037438035088","SIRIGIRI JASWANTH","99240040837@klu.ac.in","9/7/2026, 1:00:56 PM"
"10","WEB-010","TEAM POLA","Team Lead","INNAMURI YADUNANDAN GUPTA","99240040939","Male","CSE","III","24S11","9704256540","99240040939@klu.ac.in","Hosteller","MH-3","229","VERIFIED","851790270224","INNAMURI YADUNANDAN GUPTA","99240040939@klu.ac.in","9/7/2026, 1:01:18 PM"
"10","WEB-010","TEAM POLA","Member 2","VEMURI BHUVANRAJ","99240040333","Male","CSE","III","24S16","6301067756","99240040333@klu.ac.in","Hosteller","MH-3","229","VERIFIED","851790270224","INNAMURI YADUNANDAN GUPTA","99240040939@klu.ac.in","9/7/2026, 1:01:18 PM"
"10","WEB-010","TEAM POLA","Member 3","POLA ESHWAR","999240040198","Male","CSE","III","24S02","7842509697","999240040198@klu.ac.in","Hosteller","MH-3","229","VERIFIED","851790270224","INNAMURI YADUNANDAN GUPTA","99240040939@klu.ac.in","9/7/2026, 1:01:18 PM"
"10","WEB-010","TEAM POLA","Member 4","KUDUMULA GOPIGARI SIREESHA","99240040597","Female","CSE","III","24S07","7416169154","99240040597@klu.ac.in","Hosteller","LH-1","105","VERIFIED","851790270224","INNAMURI YADUNANDAN GUPTA","99240040939@klu.ac.in","9/7/2026, 1:01:18 PM"
"11","WEB-011","CODECRAZE","Team Lead","KANIPAKAM SHANMUGA","9923005180","Male","ECE","IV","A","9392689981","9923005180@klu.ac.in","Day Scholar","N/A","N/A","VERIFIED","474553237298","KANIPAKAM SHANMUGA","9923005178@klu.ac.in","9/7/2026, 1:04:57 PM"
"11","WEB-011","CODECRAZE","Member 2","BULLE ABHINAY","9923005009","Male","ECE","IV","A","9063913158","9923005009@klu.ac.in","Hosteller","MH-3","124","VERIFIED","474553237298","KANIPAKAM SHANMUGA","9923005178@klu.ac.in","9/7/2026, 1:04:57 PM"
"11","WEB-011","CODECRAZE","Member 3","BOYA BRAMHA SAI","9923005178","Male","ECE","IV","A","6281203016","9923005178@klu.ac.in","Hosteller","MH-3","116","VERIFIED","474553237298","KANIPAKAM SHANMUGA","9923005178@klu.ac.in","9/7/2026, 1:04:57 PM"
"11","WEB-011","CODECRAZE","Member 4","KURUMALA JYOTHI","9924008097","Female","IT","III","B","9347446912","9924008097@klu.ac.in","Hosteller","LH-1","112","VERIFIED","474553237298","KANIPAKAM SHANMUGA","9923005178@klu.ac.in","9/7/2026, 1:04:57 PM"
"12","WEB-012","TECH TITANS","Team Lead","MADDIBOYINA KIRAN BABU","9924005383","Male","ECE","III","G","9392498117","9924005383@klu.ac.in","Day Scholar","N/A","N/A","VERIFIED","737072359138","MADDIBOYINA KIRAN BABU","9924005383@klu.ac.in","9/7/2026, 1:08:02 PM"
"12","WEB-012","TECH TITANS","Member 2","Y SUMANTH REDDY","9924005001","Male","ECE","III","E","7995825087","9924005001@klu.ac.in","Hosteller","MH-3","537","VERIFIED","737072359138","MADDIBOYINA KIRAN BABU","9924005383@klu.ac.in","9/7/2026, 1:08:02 PM"
"12","WEB-012","TECH TITANS","Member 3","Y SURYA KUMARI","9924005457","Female","ECE","III","E","9494094310","9924005457@klu.ac.in","Hosteller","LH-1","120","VERIFIED","737072359138","MADDIBOYINA KIRAN BABU","9924005383@klu.ac.in","9/7/2026, 1:08:02 PM"
"12","WEB-012","TECH TITANS","Member 4","B SUMANTH","9924005220","Male","ECE","III","E","9032690614","9924005220@klu.ac.in","Hosteller","MH-3","520","VERIFIED","737072359138","MADDIBOYINA KIRAN BABU","9924005383@klu.ac.in","9/7/2026, 1:08:02 PM"
"13","WEB-013","WINTER SOLDIER","Team Lead","ARIVENI VENKAT","99240040191","Male","CSE","III","24SO2","8919936822","99240040191@klu.ac.in","Hosteller","MH-3","223","VERIFIED","004762221516","ARIVENI VENKAT","99240040191@klu.ac.in","9/7/2026, 1:12:21 PM"
"13","WEB-013","WINTER SOLDIER","Member 2","SINGIRESU CHANDRIKA","9924005196","Female","ECE","III","E","9346145593","9924005196@klu.ac.in","Hosteller","LH-2","102","VERIFIED","004762221516","ARIVENI VENKAT","99240040191@klu.ac.in","9/7/2026, 1:12:21 PM"
"13","WEB-013","WINTER SOLDIER","Member 3","SIDHARAPU LOHITHA","99240040819","Female","CSE","III","24S10","7995126018","99240040819@klu.ac.in","Hosteller","LH-2","102","VERIFIED","004762221516","ARIVENI VENKAT","99240040191@klu.ac.in","9/7/2026, 1:12:21 PM"
"13","WEB-013","WINTER SOLDIER","Member 4","MALLIREDDY ABHISHEKREDDY","9924008035","Male","IT","III","A","7337467951","9924008035@klu.ac.in","Hosteller","MH-2","142","VERIFIED","004762221516","ARIVENI VENKAT","99240040191@klu.ac.in","9/7/2026, 1:12:21 PM"
"14","WEB-014","ALPHA SPIDER","Team Lead","PULI HEMANTH KUMAR REDDY","99230040737","Male","CSE","IV","23S10","9392632003","99230040737@klu.ac.in","Hosteller","MH-4","6","VERIFIED","229196234865","PULI HEMANTH KUMAR REDDY","99230040737@klu.ac.in","9/7/2026, 1:13:52 PM"
"14","WEB-014","ALPHA SPIDER","Member 2","POLAKALA MADHURIMA","99230040731","Female","CSE","IV","23S10","7396488696","99230040731@klu.ac.in","Hosteller","LH-3","614","VERIFIED","229196234865","PULI HEMANTH KUMAR REDDY","99230040737@klu.ac.in","9/7/2026, 1:13:52 PM"
"14","WEB-014","ALPHA SPIDER","Member 3","MEDURI BHARGAV RAKESH","99230040667","Male","CSE","IV","23S09","9666295876","99230040667@klu.ac.in","Hosteller","MH-4","09","VERIFIED","229196234865","PULI HEMANTH KUMAR REDDY","99230040737@klu.ac.in","9/7/2026, 1:13:52 PM"
"14","WEB-014","ALPHA SPIDER","Member 4","REMATA SOMANATHA REDDY","99230041058","Male","CSE","IV","23S13","6305147805","99230041058@klu.ac.in","Day Scholar","N/A","N/A","VERIFIED","229196234865","PULI HEMANTH KUMAR REDDY","99230040737@klu.ac.in","9/7/2026, 1:13:52 PM"
"15","WEB-015","TEAM ALPHA","Team Lead","NANDYALA HARSHA VARDHAN","99240040117","Male","CSE","III","24S16","9063618945","99240040117@klu.ac.in","Hosteller","MH-2","239-A","VERIFIED","716541777881","NANDYALA HARSHA VARDHAN","99240040117@klu.ac.in","9/7/2026, 1:21:41 PM"
"15","WEB-015","TEAM ALPHA","Member 2","GARA RITHIK SAI","99240040914","Male","CSE","III","24S20","7569534932","99240040914@klu.ac.in","Hosteller","MH-2","239-A","VERIFIED","716541777881","NANDYALA HARSHA VARDHAN","99240040117@klu.ac.in","9/7/2026, 1:21:41 PM"
"15","WEB-015","TEAM ALPHA","Member 3","GATTUPALLI GURU CHARAN","99240040916","Male","CSE","III","24S20","8074946034","99240040916@klu.ac.in","Hosteller","MH-6","228","VERIFIED","716541777881","NANDYALA HARSHA VARDHAN","99240040117@klu.ac.in","9/7/2026, 1:21:41 PM"
"15","WEB-015","TEAM ALPHA","Member 4","KAVADAPU MADHAVA","99240041216","Male","CSE","III","24S16","8074999510","99240041216@klu.ac.in","Hosteller","MH-6","245","VERIFIED","716541777881","NANDYALA HARSHA VARDHAN","99240040117@klu.ac.in","9/7/2026, 1:21:41 PM"
"16","WEB-016","NEXA","Team Lead","SINGAM SETTY GREESHMA ROYAL","99240040812","Female","CSE","III","24S10","7671810135","99240040812@klu.ac.in","Hosteller","LH-4","409","VERIFIED","004762602844","SINGAM SETTY GREESHMA ROYAL","99240040812@klu.ac.in","9/7/2026, 1:25:05 PM"
"16","WEB-016","NEXA","Member 2","GUDA KAVYA REDDY","99240040128","Female","CSE","III","24S01","9014471930","99240040128@klu.ac.in","Hosteller","LH-1","117","VERIFIED","004762602844","SINGAM SETTY GREESHMA ROYAL","99240040812@klu.ac.in","9/7/2026, 1:25:05 PM"
"16","WEB-016","NEXA","Member 3","GARLANKA HEMALATHA","99240040822","Female","CSE","III","24S10","7702948629","99240040822@klu.ac.in","Hosteller","LH-1","117","VERIFIED","004762602844","SINGAM SETTY GREESHMA ROYAL","99240040812@klu.ac.in","9/7/2026, 1:25:05 PM"
"16","WEB-016","NEXA","Member 4","CHALLA NAVYASREE","99240040866","Female","CSE","III","24S10","9502752246","99240040866@klu.ac.in","Hosteller","LH-1","142","VERIFIED","004762602844","SINGAM SETTY GREESHMA ROYAL","99240040812@klu.ac.in","9/7/2026, 1:25:05 PM"
"17","WEB-017","TEAM CODE CRAFTERS","Team Lead","GOLLA OBULA NARASIMHA","9923005170","Male","ECE","IV","A","8790082505","9923005170@klu.ac.in","Hosteller","MH-3","124","VERIFIED","004761793464","GOLLA OBULA NARASIMHA","9923005170@klu.ac.in","9/7/2026, 1:28:27 PM"
"17","WEB-017","TEAM CODE CRAFTERS","Member 2","PULETIPALLI DASTAGIRI","9923005173","Male","ECE","IV","A","7671067573","9923005173@klu.ac.in","Hosteller","MH-3","405","VERIFIED","004761793464","GOLLA OBULA NARASIMHA","9923005170@klu.ac.in","9/7/2026, 1:28:27 PM"
"17","WEB-017","TEAM CODE CRAFTERS","Member 3","P RAGHUPATHI REDDY","9923005159","Male","ECE","IV","B","6305117959","9923005159@klu.ac.in","Hosteller","MH-4","219","VERIFIED","004761793464","GOLLA OBULA NARASIMHA","9923005170@klu.ac.in","9/7/2026, 1:28:27 PM"
"17","WEB-017","TEAM CODE CRAFTERS","Member 4","R.BALA GANGI REDDY","9923005125","Male","ECE","IV","A","9390632083","9923005125@klu.ac.in","Hosteller","MH-3","405","VERIFIED","004761793464","GOLLA OBULA NARASIMHA","9923005170@klu.ac.in","9/7/2026, 1:28:27 PM"
"18","WEB-018","TEAM FALCONS","Team Lead","DONKINA DURGA NAGA VENKATA PHANI KUMAR","99240040886","Male","CSE","III","24S11","9908355686","99240040886@klu.ac.in","Hosteller","MH-3","221","VERIFIED","133633464598","DONKINA DURGA NAGA VENKATA PHANI KUMAR","99240040886@klu.ac.in","9/7/2026, 1:37:26 PM"
"18","WEB-018","TEAM FALCONS","Member 2","CHUNDRU KARTHIK","99240041085","Male","CSE","III","24S13","8074324598","99240041085@klu.ac.in","Hosteller","MH-3","221","VERIFIED","133633464598","DONKINA DURGA NAGA VENKATA PHANI KUMAR","99240040886@klu.ac.in","9/7/2026, 1:37:26 PM"
"18","WEB-018","TEAM FALCONS","Member 3","VENNAPUSA VIVEKANANDA REDDY","9825005005","Male","ECE","III","C","8309587546","9825005005@klu.ac.in","Hosteller","MH-3","234","VERIFIED","133633464598","DONKINA DURGA NAGA VENKATA PHANI KUMAR","99240040886@klu.ac.in","9/7/2026, 1:37:26 PM"
"18","WEB-018","TEAM FALCONS","Member 4","K SUPRIYA","99240041325","Female","CSE","III","24S20","9059281919","99240041325@klu.ac.in","Hosteller","LH-2","312","VERIFIED","133633464598","DONKINA DURGA NAGA VENKATA PHANI KUMAR","99240040886@klu.ac.in","9/7/2026, 1:37:26 PM"
"19","WEB-019","SPARK","Team Lead","DODDAVULA DINESH REDDY","99240040894","Male","CSE","III","24S11","7093939575","99240040894@klu.ac.in","Hosteller","MH-2","237","VERIFIED","552277083310","DODDAVULA DINESH REDDY","99240040492@klu.ac.in","9/7/2026, 1:38:21 PM"
"19","WEB-019","SPARK","Member 2","GUDDITI MANIKANTA","99240040492","Male","CSE","III","24S05","9441227695","99240040492@klu.ac.in","Hosteller","MH-3","509","VERIFIED","552277083310","DODDAVULA DINESH REDDY","99240040492@klu.ac.in","9/7/2026, 1:38:21 PM"
"19","WEB-019","SPARK","Member 3","GUNTIMADUGU DHARANI VARMA","99240040495","Female","CSE","III","24S05","6281230634","99240040495@klu.ac.in","Hosteller","LH-2","308","VERIFIED","552277083310","DODDAVULA DINESH REDDY","99240040492@klu.ac.in","9/7/2026, 1:38:21 PM"
"19","WEB-019","SPARK","Member 4","GUDURU SATHWIK GOWD","99240040055","Male","CSE","III","24S18","9121629415","99240040055@klu.ac.in","Hosteller","MH-2","237","VERIFIED","552277083310","DODDAVULA DINESH REDDY","99240040492@klu.ac.in","9/7/2026, 1:38:21 PM"
"20","WEB-020","CODENEXUS","Team Lead","POTHURI PREETHIKA","9924005204","Female","ECE","III","24G","9652891870","9924005204@klu.ac.in","Hosteller","LH-1","136","VERIFIED","957973988574","POTHURI PREETHIKA","9924005204@klu.ac.in","9/7/2026, 1:39:31 PM"
"20","WEB-020","CODENEXUS","Member 2","NARABOYINA MOUNIKA","99240040666","Female","CSE","III","24S08","8125143935","99240040666@klu.ac.in","Hosteller","LH-1","113","VERIFIED","957973988574","POTHURI PREETHIKA","9924005204@klu.ac.in","9/7/2026, 1:39:31 PM"
"20","WEB-020","CODENEXUS","Member 3","NAMA CHINMAY RAGHU TEJA","99240040658","Male","CSE","III","24S17","7989561881","99240040658@klu.ac.in","Hosteller","MH-6","215","VERIFIED","957973988574","POTHURI PREETHIKA","9924005204@klu.ac.in","9/7/2026, 1:39:31 PM"
"20","WEB-020","CODENEXUS","Member 4","NAPA GOWTHAM KUMAR","99240040663","Male","CSE","III","24S08","8520922285","99240040663@klu.ac.in","Hosteller","MH-2","10","VERIFIED","957973988574","POTHURI PREETHIKA","9924005204@klu.ac.in","9/7/2026, 1:39:31 PM"
"21","WEB-021","SOLUTION SQUAD","Team Lead","PANUGANTI V S M RISHI KARTHIKEYA","99240040681","Male","CSE","III","24S08","7386401544","99240040681@klu.ac.in","Hosteller","MH-6","215","VERIFIED","314130746120","PANUGANTI V S M RISHI KARTHIKEYA","99240040681@klu.ac.in","9/7/2026, 1:46:11 PM"
"21","WEB-021","SOLUTION SQUAD","Member 2","KOTHA BHAVANA","99240040575","Female","CSE","III","24S07","7995802086","99240040575@klu.ac.in","Hosteller","LH-2","304","VERIFIED","314130746120","PANUGANTI V S M RISHI KARTHIKEYA","99240040681@klu.ac.in","9/7/2026, 1:46:11 PM"
"21","WEB-021","SOLUTION SQUAD","Member 3","PATIBANDLA MOKSHAGNA","99240040691","Male","CSE","III","24S08","8500450915","99240040691@klu.ac.in","Hosteller","MH-6","241","VERIFIED","314130746120","PANUGANTI V S M RISHI KARTHIKEYA","99240040681@klu.ac.in","9/7/2026, 1:46:11 PM"
"21","WEB-021","SOLUTION SQUAD","Member 4","MULLAGURI MANI KUMAR","99240040649","Male","CSE","III","24S08","9390311406","99240040649@klu.ac.in","Day Scholar","N/A","N/A","VERIFIED","314130746120","PANUGANTI V S M RISHI KARTHIKEYA","99240040681@klu.ac.in","9/7/2026, 1:46:11 PM"
"22","WEB-022","DOOMSDAY","Team Lead","JUVVIGUNTA BASANTH BHANUDASS","99240041412","Male","CSE","III","24S15","7981986987","99240041412@klu.ac.in","Day Scholar","N/A","N/A","VERIFIED","803358959572","JUVVIGUNTA BASANTH BHANUDASS","99240041412@klu.ac.in","9/7/2026, 1:53:13 PM"
"22","WEB-022","DOOMSDAY","Member 2","KORNANA LOKESH","99240041416","Male","CSE","III","24S15","7671951510","99240041416@klu.ac.in","Day Scholar","N/A","N/A","VERIFIED","803358959572","JUVVIGUNTA BASANTH BHANUDASS","99240041412@klu.ac.in","9/7/2026, 1:53:13 PM"
"22","WEB-022","DOOMSDAY","Member 3","NARUKULLA PARDHU","99240041425","Male","CSE","III","24S15","9121813879","99240041425@klu.ac.in","Day Scholar","N/A","N/A","VERIFIED","803358959572","JUVVIGUNTA BASANTH BHANUDASS","99240041412@klu.ac.in","9/7/2026, 1:53:13 PM"
"22","WEB-022","DOOMSDAY","Member 4","SURE MANOJ KUMAR","99240041352","Male","CSE","III","24S15","7989962639","99240041352@klu.ac.in","Hosteller","MH-4","122","VERIFIED","803358959572","JUVVIGUNTA BASANTH BHANUDASS","99240041412@klu.ac.in","9/7/2026, 1:53:13 PM"
"23","WEB-023","MAGIC SQUAD","Team Lead","MATTA UMA MAHESWAR REDDY","99240041033","Male","CSE","III","24S13","9989442317","99240041033@klu.ac.in","Hosteller","MH-2","117","VERIFIED","984933854456","MATTA UMA MAHESWAR REDDY","99240041033@klu.ac.in","9/7/2026, 1:54:51 PM"
"23","WEB-023","MAGIC SQUAD","Member 2","MANNE SIVA MOHAN REDDY","99240041035","Male","CSE","III","S13","7093964833","99240041035@klu.ac.in","Hosteller","MH-3","418","VERIFIED","984933854456","MATTA UMA MAHESWAR REDDY","99240041033@klu.ac.in","9/7/2026, 1:54:51 PM"
"23","WEB-023","MAGIC SQUAD","Member 3","V.PRADEEK REDDY","99240041089","Male","CSE","III","24S13","9849965467","99240041089@klu.ac.in","Hosteller","MH-4","85","VERIFIED","984933854456","MATTA UMA MAHESWAR REDDY","99240041033@klu.ac.in","9/7/2026, 1:54:51 PM"
"23","WEB-023","MAGIC SQUAD","Member 4","B.SHANMUKHA REDDY","99240040414","Male","CSE","III","24S20","9963966593","99240040414@klu.ac.in","Hosteller","MH-4","85","VERIFIED","984933854456","MATTA UMA MAHESWAR REDDY","99240041033@klu.ac.in","9/7/2026, 1:54:51 PM"
"24","WEB-024","APXGP","Team Lead","MEGHAM NAGA VENKATA BRUNDHA","99240041034","Female","CSE","III","24S13","7780108662","99240041034@klu.ac.in","Day Scholar","N/A","N/A","VERIFIED","682936735651","MEGHAM NAGA VENKATA BRUNDHA","99240041034@klu.ac.in","9/7/2026, 2:00:00 PM"
"24","WEB-024","APXGP","Member 2","MACHIKA RADHA KRISHNA","99240041002","Male","CSE","III","24S12","9392756278","99240041002@klu.ac.in","Day Scholar","N/A","N/A","VERIFIED","682936735651","MEGHAM NAGA VENKATA BRUNDHA","99240041034@klu.ac.in","9/7/2026, 2:00:00 PM"
"24","WEB-024","APXGP","Member 3","CHENNUPATI DEEKSHITHA SAI","9924008099","Female","IT","III","IT-B","9502393548","9924008099@klu.ac.in","Day Scholar","N/A","N/A","VERIFIED","682936735651","MEGHAM NAGA VENKATA BRUNDHA","99240041034@klu.ac.in","9/7/2026, 2:00:00 PM"
"24","WEB-024","APXGP","Member 4","ATTETI POOJITHA","99240040294","Female","CSE","III","24S18","9059754847","99240040294@klu.ac.in","Day Scholar","N/A","N/A","VERIFIED","682936735651","MEGHAM NAGA VENKATA BRUNDHA","99240041034@klu.ac.in","9/7/2026, 2:00:00 PM"
"25","WEB-025","TITANS","Team Lead","BESTA ABHINAV KRISHNA","9923005006","Male","ECE","IV","D","8885599316","9923005006@klu.ac.in","Hosteller","MH-4","71","VERIFIED","519149317819","BESTA ABHINAV KRISHNA","9923005006@klu.ac.in","9/7/2026, 2:07:04 PM"
"25","WEB-025","TITANS","Member 2","LAKKIREDDY SREEHARI REDDY","9824005005","Male","ECE","IV","D","9392881758","9824005005@klu.ac.in","Day Scholar","N/A","N/A","VERIFIED","519149317819","BESTA ABHINAV KRISHNA","9923005006@klu.ac.in","9/7/2026, 2:07:04 PM"
"25","WEB-025","TITANS","Member 3","VADLA PAVAN","9923005139","Male","ECE","IV","D","9391826757","9923005139@klu.ac.in","Hosteller","MH-2","28","VERIFIED","519149317819","BESTA ABHINAV KRISHNA","9923005006@klu.ac.in","9/7/2026, 2:07:04 PM"
"25","WEB-025","TITANS","Member 4","GORLA RAVI","9923005314","Male","ECE","IV","D","9177912109","9923005314@klu.ac.in","Day Scholar","N/A","N/A","VERIFIED","519149317819","BESTA ABHINAV KRISHNA","9923005006@klu.ac.in","9/7/2026, 2:07:04 PM"
"26","WEB-026","WEB CATALYST","Team Lead","DERANGULA DEVENDRA","99240040943","Male","CSE","III","24S20","8019996605","99240040943@klu.ac.in","Hosteller","MH-3","507","VERIFIED","141008570291","DERANGULA DEVENDRA","99240040943@klu.ac.in","9/7/2026, 2:11:04 PM"
"26","WEB-026","WEB CATALYST","Member 2","PUPPALA SAMBASIVA","99240041258","Male","CSE","III","24S20","9398148669","99240041258@klu.ac.in","Hosteller","MH-3","217","VERIFIED","141008570291","DERANGULA DEVENDRA","99240040943@klu.ac.in","9/7/2026, 2:11:04 PM"
"26","WEB-026","WEB CATALYST","Member 3","THOKKALA MADHU GNANESWAR","99240040239","Male","CSE","III","24S20","7338835738","99240040239@klu.ac.in","Hosteller","MH-3","507","VERIFIED","141008570291","DERANGULA DEVENDRA","99240040943@klu.ac.in","9/7/2026, 2:11:04 PM"
"26","WEB-026","WEB CATALYST","Member 4","MIDDILI SUSHANTH REDDY","99240040237","Male","CSE","III","24S20","8688817226","99240040237@klu.ac.in","Hosteller","MH-3","215","VERIFIED","141008570291","DERANGULA DEVENDRA","99240040943@klu.ac.in","9/7/2026, 2:11:04 PM"
"27","WEB-027","CODE WARRIORS","Team Lead","GUTLAPALLI LOSHINI","99240040768","Female","CSE","III","24S09","7702642289","99240040768@klu.ac.in","Hosteller","LH-3","409","VERIFIED","676427608546","GUTLAPALLI LOSHINI","99240040768@klu.ac.in","9/7/2026, 2:14:44 PM"
"27","WEB-027","CODE WARRIORS","Member 2","K.REVATHI","99240040551","Female","CSE","III","24S06","9398302801","99240040551@klu.ac.in","Hosteller","LH-3","416","VERIFIED","676427608546","GUTLAPALLI LOSHINI","99240040768@klu.ac.in","9/7/2026, 2:14:44 PM"
"27","WEB-027","CODE WARRIORS","Member 3","CHAKALI GURUDEEPAK","9924005228","Male","ECE","III","B","8688509957","9924005228@klu.ac.in","Hosteller","MH-4","112","VERIFIED","676427608546","GUTLAPALLI LOSHINI","99240040768@klu.ac.in","9/7/2026, 2:14:44 PM"
"27","WEB-027","CODE WARRIORS","Member 4","BATTA SANTHOSH","9924005064","Male","ECE","III","C","8333935378","9924005064@klu.ac.in","Hosteller","MH-2","259","VERIFIED","676427608546","GUTLAPALLI LOSHINI","99240040768@klu.ac.in","9/7/2026, 2:14:44 PM"
"28","WEB-028","COSMOS","Team Lead","T NAGA SESHU","9923005043","Male","ECE","IV","A","9392539374","9923005043@klu.ac.in","Hosteller","MH-3","750","VERIFIED","945700139739","T NAGA SESHU","9923005043@klu.ac.in","9/7/2026, 2:18:07 PM"
"28","WEB-028","COSMOS","Member 2","VELU BALU","9923005143","Male","ECE","IV","A","8143522038","9923005143@klu.ac.in","Hosteller","MH-3","444","VERIFIED","945700139739","T NAGA SESHU","9923005043@klu.ac.in","9/7/2026, 2:18:07 PM"
"28","WEB-028","COSMOS","Member 3","B.SRI ADHITHYA VARSHINI","9923005301","Female","ECE","IV","A","7708189489","9923005301@klu.ac.in","Day Scholar","N/A","N/A","VERIFIED","945700139739","T NAGA SESHU","9923005043@klu.ac.in","9/7/2026, 2:18:07 PM"
"28","WEB-028","COSMOS","Member 4","K.ROSHINI","9923005297","Female","ECE","IV","A","9751936011","9923005297@klu.ac.in","Hosteller","LH-3","637","VERIFIED","945700139739","T NAGA SESHU","9923005043@klu.ac.in","9/7/2026, 2:18:07 PM"
"29","WEB-029","WEB DEFENDERS","Team Lead","DHANUNJAY MAITY","99240040900","Male","CSE","III","24S11","9121623023","99240040900@klu.ac.in","Day Scholar","N/A","N/A","VERIFIED","017215247981","DHANUNJAY MAITY","99240040900@klu.ac.in","9/7/2026, 2:18:45 PM"
"29","WEB-029","WEB DEFENDERS","Member 2","SHAIK MOHAMMAD FARHAN","99240040772","Male","CSE","III","24S09","7660890139","99240040772@klu.ac.in","Day Scholar","N/A","N/A","VERIFIED","017215247981","DHANUNJAY MAITY","99240040900@klu.ac.in","9/7/2026, 2:18:45 PM"
"29","WEB-029","WEB DEFENDERS","Member 3","SHAIK NOOR","99240040753","Male","CSE","III","24S09","6300813023","99240040753@klu.ac.in","Day Scholar","N/A","N/A","VERIFIED","017215247981","DHANUNJAY MAITY","99240040900@klu.ac.in","9/7/2026, 2:18:45 PM"
"29","WEB-029","WEB DEFENDERS","Member 4","MOHAMMAD ABDUL MUNAF","99240040643","Male","CSE","III","24S07","9392963723","99240040643@klu.ac.in","Day Scholar","N/A","N/A","VERIFIED","017215247981","DHANUNJAY MAITY","99240040900@klu.ac.in","9/7/2026, 2:18:45 PM"
"30","WEB-030","AVENGERS","Team Lead","VANAM GOUTHAM REDDY","99230040796","Male","CSE","IV","23S10","8125436350","99230040796@klu.ac.in","Day Scholar","N/A","N/A","VERIFIED","395041501373","VANAM GOUTHAM REDDY","99230040330@klu.ac.in","9/7/2026, 2:40:44 PM"
"30","WEB-030","AVENGERS","Member 2","KAMARAJU GARI PAVITHRA","99230040320","Female","CSE","IV","23S04","8919597847","99230040320@klu.ac.in","Hosteller","LH-3","626","VERIFIED","395041501373","VANAM GOUTHAM REDDY","99230040330@klu.ac.in","9/7/2026, 2:40:44 PM"
"30","WEB-030","AVENGERS","Member 3","AVULA SIVA GANESH REDDY","99230040262","Male","CSE","IV","23S04","8330923377","99230040262@klu.ac.in","Day Scholar","N/A","N/A","VERIFIED","395041501373","VANAM GOUTHAM REDDY","99230040330@klu.ac.in","9/7/2026, 2:40:44 PM"
"30","WEB-030","AVENGERS","Member 4","KAPPATRALA EDIGA MADHU SUDHAN GOUD","99230040330","Male","CSE","IV","23S04","7780312021","99230040330@klu.ac.in","Hosteller","MH-4","41","VERIFIED","395041501373","VANAM GOUTHAM REDDY","99230040330@klu.ac.in","9/7/2026, 2:40:44 PM"
"31","WEB-031","GARUDA","Team Lead","MUNAGALA PRASANNA KUMAR","9923005176","Male","ECE","IV","D","9392166898","9923005176@klu.ac.in","Hosteller","MH-2","460","VERIFIED","947432586233","MUNAGALA PRASANNA KUMAR","9923005176@klu.ac.in","9/7/2026, 2:41:52 PM"
"31","WEB-031","GARUDA","Member 2","SIKHAKOLLI PRUDHVI KUMAR","9923005128","Male","ECE","IV","B","9963405424","9923005128@klu.ac.in","Day Scholar","N/A","N/A","VERIFIED","947432586233","MUNAGALA PRASANNA KUMAR","9923005176@klu.ac.in","9/7/2026, 2:41:52 PM"
"31","WEB-031","GARUDA","Member 3","CHEREDDY SANTHOSH","9923005068","Male","ECE","IV","B","7386076474","9923005068@klu.ac.in","Day Scholar","N/A","N/A","VERIFIED","947432586233","MUNAGALA PRASANNA KUMAR","9923005176@klu.ac.in","9/7/2026, 2:41:52 PM"
"31","WEB-031","GARUDA","Member 4","BATTU VENKATA VINOD","9923005148","Male","ECE","IV","D","7816018653","9923005148@klu.ac.in","Hosteller","MH-3","409","VERIFIED","947432586233","MUNAGALA PRASANNA KUMAR","9923005176@klu.ac.in","9/7/2026, 2:41:52 PM"
"32","WEB-032","THE MARVEL","Team Lead","AYODHYAPURAM AKASH KUMAR REDDY","9923005166","Male","ECE","IV","A","7330668803","9923005166@klu.ac.in","Day Scholar","N/A","N/A","VERIFIED","661672174645","AYODHYAPURAM AKASH KUMAR REDDY","9923005166@klu.ac.in","9/7/2026, 2:44:54 PM"
"32","WEB-032","THE MARVEL","Member 2","UPPU VISHNU BRAHMAYYA","99230041061","Male","CSE","IV","S13","9356986804","99230041061@klu.ac.in","Hosteller","MH-4","36","VERIFIED","661672174645","AYODHYAPURAM AKASH KUMAR REDDY","9923005166@klu.ac.in","9/7/2026, 2:44:54 PM"
"32","WEB-032","THE MARVEL","Member 3","NEELAM SASIDHAR","99230041063","Male","CSE","IV","S13","8143971988","99230041063@klu.ac.in","Hosteller","MH-4","21","VERIFIED","661672174645","AYODHYAPURAM AKASH KUMAR REDDY","9923005166@klu.ac.in","9/7/2026, 2:44:54 PM"
"32","WEB-032","THE MARVEL","Member 4","KALAPALA GOPI NADH","99230041054","Male","CSE","IV","S13","9494970836","99230041054@klu.ac.in","Hosteller","MH-4","23","VERIFIED","661672174645","AYODHYAPURAM AKASH KUMAR REDDY","9923005166@klu.ac.in","9/7/2026, 2:44:54 PM"
"33","WEB-033","TEAM SPIDEY","Team Lead","KURUVA JANARDHAN","99240041418","Male","CSE","III","24S15","8919100511","99240041418@klu.ac.in","Hosteller","MH-2","115","VERIFIED","625054623317","KURUVA JANARDHAN","99240041418@klu.ac.in","9/7/2026, 2:50:22 PM"
"33","WEB-033","TEAM SPIDEY","Member 2","HALVI LINGA","99240040938","Male","CSE","III","24S11","8555950633","99240040938@klu.ac.in","Hosteller","MH-3","519","VERIFIED","625054623317","KURUVA JANARDHAN","99240041418@klu.ac.in","9/7/2026, 2:50:22 PM"
"33","WEB-033","TEAM SPIDEY","Member 3","U.UDHAY KUMAR","99240041428","Male","CSE","III","24S15","6301389569","99240041428@klu.ac.in","Hosteller","MH-2","115","VERIFIED","625054623317","KURUVA JANARDHAN","99240041418@klu.ac.in","9/7/2026, 2:50:22 PM"
"33","WEB-033","TEAM SPIDEY","Member 4","CHILIPIREDDY PAVAN KUMAR REDDY","99240040345","Male","CSE","III","24S16","9381252248","99240040345@klu.ac.in","Day Scholar","N/A","N/A","VERIFIED","625054623317","KURUVA JANARDHAN","99240041418@klu.ac.in","9/7/2026, 2:50:22 PM"
"34","WEB-034","HACKHIVE","Team Lead","SHAIK SHAMS","99240040754","Male","CSE","III","24S09","7995356019","99240040754@klu.ac.in","Day Scholar","N/A","N/A","VERIFIED","532653350048","SHAIK SHAMS","99240040754@klu.ac.in","9/7/2026, 2:51:05 PM"
"34","WEB-034","HACKHIVE","Member 2","SIBBALA CHANDANA","99240040750","Female","CSE","III","24S09","7842042979","99240040750@klu.ac.in","Hosteller","LH-2","322","VERIFIED","532653350048","SHAIK SHAMS","99240040754@klu.ac.in","9/7/2026, 2:51:05 PM"
"34","WEB-034","HACKHIVE","Member 3","M RAGHAVA","99240041044","Male","CSE","III","24S13","9346193641","99240041044@klu.ac.in","Day Scholar","N/A","N/A","VERIFIED","532653350048","SHAIK SHAMS","99240040754@klu.ac.in","9/7/2026, 2:51:05 PM"
"34","WEB-034","HACKHIVE","Member 4","V SHRUTHI","99240040166","Female","CSE","III","24S02","9345528610","99240040166@klu.ac.in","Day Scholar","N/A","N/A","VERIFIED","532653350048","SHAIK SHAMS","99240040754@klu.ac.in","9/7/2026, 2:51:05 PM"
"35","WEB-035","TEAM DRAGON","Team Lead","A S DEERAJ","99240040896","Male","CSE","III","24S11","9390335408","99240040896@klu.ac.in","Hosteller","MH-2","10","VERIFIED","625009823688","A S DEERAJ","99240040896@klu.ac.in","9/7/2026, 2:55:27 PM"
"35","WEB-035","TEAM DRAGON","Member 2","DERANGULA RAVITEJA","99240040893","Male","CSE","III","24S11","9346294572","99240040893@klu.ac.in","Day Scholar","N/A","N/A","VERIFIED","625009823688","A S DEERAJ","99240040896@klu.ac.in","9/7/2026, 2:55:27 PM"
"35","WEB-035","TEAM DRAGON","Member 3","DESHAM SANTOSH REDDY","99240040892","Male","CSE","III","24S11","8328028215","99240040892@klu.ac.in","Hosteller","MH-4","145","VERIFIED","625009823688","A S DEERAJ","99240040896@klu.ac.in","9/7/2026, 2:55:27 PM"
"35","WEB-035","TEAM DRAGON","Member 4","RAJULAVARI KAKATHI BHANU TEJA","99240040322","Male","CSE","III","24S19","8179328098","99240040322@klu.ac.in","Hosteller","MH-2","10","VERIFIED","625009823688","A S DEERAJ","99240040896@klu.ac.in","9/7/2026, 2:55:27 PM"
"36","WEB-036","MATRIX","Team Lead","ANKIREDDY HITHESWAR REDDY","99230040255","Male","CSE","IV","S04","9581874494","99230040255@klu.ac.in","Hosteller","MH-4","25","VERIFIED","129187062735","ANKIREDDY HITHESWAR REDDY","99230040255@klu.ac.in","9/7/2026, 3:02:40 PM"
"36","WEB-036","MATRIX","Member 2","CHITTIBOINA BHARGAV RAM","99230040922","Male","CSE","IV","S11","7569312845","99230040922@klu.ac.in","Hosteller","MH-4","26","VERIFIED","129187062735","ANKIREDDY HITHESWAR REDDY","99230040255@klu.ac.in","9/7/2026, 3:02:40 PM"
"36","WEB-036","MATRIX","Member 3","KAMSALA YUVASAI VIGHNESH","99230040974","Male","CSE","IV","S12","8331942544","99230040974@klu.ac.in","Hosteller","MH-4","25","VERIFIED","129187062735","ANKIREDDY HITHESWAR REDDY","99230040255@klu.ac.in","9/7/2026, 3:02:40 PM"
"36","WEB-036","MATRIX","Member 4","PASURLA MASTHAN REDDY","99230040993","Male","CSE","IV","S12","6300445506","99230040993@klu.ac.in","Hosteller","MH-4","26","VERIFIED","129187062735","ANKIREDDY HITHESWAR REDDY","99230040255@klu.ac.in","9/7/2026, 3:02:40 PM"
"37","WEB-037","CODE HASHIRA","Team Lead","KATTI MAHESH BABU","9923005094","Male","ECE","IV","23SD","6281528636","9923005094@klu.ac.in","Hosteller","MH-3","435","VERIFIED","625014448011","KATTI MAHESH BABU","9923005094@klu.ac.in","9/7/2026, 3:12:18 PM"
"37","WEB-037","CODE HASHIRA","Member 2","BHUMIREDDY VENKATA SAKETH REDDY","9824005001","Male","ECE","IV","23SD","9573559955","9824005001@klu.ac.in","Hosteller","MH-7","279","VERIFIED","625014448011","KATTI MAHESH BABU","9923005094@klu.ac.in","9/7/2026, 3:12:18 PM"
"37","WEB-037","CODE HASHIRA","Member 3","KUPPAM POOJESH","9923005101","Male","ECE","IV","23SD","7386562752","9923005101@klu.ac.in","Hosteller","MH-3","428","VERIFIED","625014448011","KATTI MAHESH BABU","9923005094@klu.ac.in","9/7/2026, 3:12:18 PM"
"37","WEB-037","CODE HASHIRA","Member 4","E HEMASAGAR","9923005151","Male","ECE","IV","23SD","7386763146","9923005151@klu.ac.in","Day Scholar","N/A","N/A","VERIFIED","625014448011","KATTI MAHESH BABU","9923005094@klu.ac.in","9/7/2026, 3:12:18 PM"
"38","WEB-038","TEAM IP","Team Lead","UDAY KUMAR BULLE","99240040417","Male","CSE","III","24SO4","6301011617","99240040417@klu.ac.in","Hosteller","MH-2","236","VERIFIED","844853909032","UDAY KUMAR BULLE","99240040417@klu.ac.in","9/7/2026, 3:12:50 PM"
"38","WEB-038","TEAM IP","Member 2","TALAMARLA PRAVEEN","99240040408","Male","CSE","III","24S04","9391408186","99240040408@klu.ac.in","Hosteller","MH-3","507","VERIFIED","844853909032","UDAY KUMAR BULLE","99240040417@klu.ac.in","9/7/2026, 3:12:50 PM"
"38","WEB-038","TEAM IP","Member 3","SUDALAGUNTA PRAVEEN KUMAR","99240040889","Male","CSE","III","24S11","9032844051","99240040889@klu.ac.in","Hosteller","MH-2","236","VERIFIED","844853909032","UDAY KUMAR BULLE","99240040417@klu.ac.in","9/7/2026, 3:12:50 PM"
"38","WEB-038","TEAM IP","Member 4","CHITRA NAGAMUNINDRA","99240040030","Male","CSE","III","24S20","9391721323","99240040030@klu.ac.in","Hosteller","MH-2","236","VERIFIED","844853909032","UDAY KUMAR BULLE","99240040417@klu.ac.in","9/7/2026, 3:12:50 PM"
"39","WEB-039","CODECRAFTERS","Team Lead","KURLI SHIVANANDA REDDY","99240041004","Male","CSE","III","24S12","9701316837","99240041004@klu.ac.in","Hosteller","MH-2","117","VERIFIED","661671897387","KURLI SHIVANANDA REDDY","99240041004@klu.ac.in","9/7/2026, 3:27:01 PM"
"39","WEB-039","CODECRAFTERS","Member 2","D LEPAKSHI REDDY","99240041006","Male","CSE","III","24S12","9390150173","99240041006@klu.ac.in","Hosteller","MH-2","117","VERIFIED","661671897387","KURLI SHIVANANDA REDDY","99240041004@klu.ac.in","9/7/2026, 3:27:01 PM"
"39","WEB-039","CODECRAFTERS","Member 3","MADAM YOGENDRA","99240041005","Male","CSE","III","24S12","8919916006","99240041005@klu.ac.in","Hosteller","MH-2","118","VERIFIED","661671897387","KURLI SHIVANANDA REDDY","99240041004@klu.ac.in","9/7/2026, 3:27:01 PM"
"39","WEB-039","CODECRAFTERS","Member 4","LAMBADI RAVI TEJA","99240040273","Male","CSE","III","24S12","7013695193","99240040273@klu.ac.in","Hosteller","MH-6","238","VERIFIED","661671897387","KURLI SHIVANANDA REDDY","99240041004@klu.ac.in","9/7/2026, 3:27:01 PM"
"40","WEB-040","TEAM IRON MAN","Team Lead","ARDITTI VENKATA SAI","99240040810","Male","CSE","III","24S10","7995742055","99240040810@klu.ac.in","Day Scholar","N/A","N/A","VERIFIED","271282772790","ARDITTI VENKATA SAI","99240040810@klu.ac.in","9/7/2026, 3:50:42 PM"
"40","WEB-040","TEAM IRON MAN","Member 2","BAREDDY PAVAN KUMAR REDDY","99240040839","Male","CSE","III","24S10","7729873260","99240040839@klu.ac.in","Day Scholar","N/A","N/A","VERIFIED","271282772790","ARDITTI VENKATA SAI","99240040810@klu.ac.in","9/7/2026, 3:50:42 PM"
"40","WEB-040","TEAM IRON MAN","Member 3","CHILAKA JAGADEESWAR REDDY","99240040863","Male","CSE","III","24S10","6301341285","99240040863@klu.ac.in","Hosteller","MH-3","532","VERIFIED","271282772790","ARDITTI VENKATA SAI","99240040810@klu.ac.in","9/7/2026, 3:50:42 PM"
"40","WEB-040","TEAM IRON MAN","Member 4","ANKIREDDY JASWANTH REDDY","99240040806","Male","CSE","III","24S10","8919679142","99240040806@klu.ac.in","Hosteller","MH-3","517","VERIFIED","271282772790","ARDITTI VENKATA SAI","99240040810@klu.ac.in","9/7/2026, 3:50:42 PM"
"41","WEB-041","WEB SHOOTERS","Team Lead","MUTHUKURI ESWAR GANESH","99230040378","Male","CSE","IV","S05","7386115885","99230040378@klu.ac.in","Hosteller","MH-2","460","VERIFIED","169070373101","MUTHUKURI ESWAR GANESH","99230040378@klu.ac.in","9/7/2026, 3:57:59 PM"
"41","WEB-041","WEB SHOOTERS","Member 2","KANUPARTHI GANESH PREETHAM REDDY","99230040329","Male","CSE","IV","S04","6302845847","99230040329@klu.ac.in","Day Scholar","N/A","N/A","VERIFIED","169070373101","MUTHUKURI ESWAR GANESH","99230040378@klu.ac.in","9/7/2026, 3:57:59 PM"
"41","WEB-041","WEB SHOOTERS","Member 3","K.MAHIDHAR SAI","99230040322","Male","CSE","IV","S04","8688002956","99230040322@klu.ac.in","Day Scholar","N/A","N/A","VERIFIED","169070373101","MUTHUKURI ESWAR GANESH","99230040378@klu.ac.in","9/7/2026, 3:57:59 PM"
"41","WEB-041","WEB SHOOTERS","Member 4","DEVARAJUGATTU JANARDHANA","99230041079","Male","CSE","IV","S13","8309404791","99230041079@klu.ac.in","Hosteller","MH-3","107","VERIFIED","169070373101","MUTHUKURI ESWAR GANESH","99230040378@klu.ac.in","9/7/2026, 3:57:59 PM"
"42","WEB-042","CODE CRAFTERS","Team Lead","YUVEJ KUMAR","99230040829","Male","CSE","IV","23S11","9640304868","99230040829@klu.ac.in","Day Scholar","N/A","N/A","VERIFIED","098090024156","YUVEJ KUMAR","99230040829@klu.ac.in","9/7/2026, 4:16:46 PM"
"42","WEB-042","CODE CRAFTERS","Member 2","KOTIPALLI NAGA SATYA SRI TEJASWINI","99240040588","Female","CSE","III","24S07","9392436877","99240040588@klu.ac.in","Hosteller","LH-1","135","VERIFIED","098090024156","YUVEJ KUMAR","99230040829@klu.ac.in","9/7/2026, 4:16:46 PM"
"42","WEB-042","CODE CRAFTERS","Member 3","MAJJI MAHALAKSHMI SATYA VARA PRASAD","99240040607","Male","CSE","III","24S07","7981775853","99240040607@klu.ac.in","Day Scholar","N/A","N/A","VERIFIED","098090024156","YUVEJ KUMAR","99230040829@klu.ac.in","9/7/2026, 4:16:46 PM"
"42","WEB-042","CODE CRAFTERS","Member 4","SALIF KHAN","9924005162","Male","ECE","III","B","9966878655","9924005162@klu.ac.in","Hosteller","MH-3","9","VERIFIED","098090024156","YUVEJ KUMAR","99230040829@klu.ac.in","9/7/2026, 4:16:46 PM"
"43","WEB-043","TECH SQUAD","Team Lead","TADIKONDA SANJAY YEDUKONDALU","99240040780","Male","CSE","III","24S17","7993622973","99240040780@klu.ac.in","Hosteller","MH-2","230","VERIFIED","215084988544","TADIKONDA SANJAY YEDUKONDALU","99240040780@klu.ac.in","9/7/2026, 4:17:14 PM"
"43","WEB-043","TECH SQUAD","Member 2","ADIGARLA PRAVEEN","99240041207","Male","CSE","III","24S17","7286073036","99240041207@klu.ac.in","Hosteller","MH-2","202","VERIFIED","215084988544","TADIKONDA SANJAY YEDUKONDALU","99240040780@klu.ac.in","9/7/2026, 4:17:14 PM"
"43","WEB-043","TECH SQUAD","Member 3","KARNE HEMANTH","99240040361","Male","CSE","III","24S04","8074036237","99240040361@klu.ac.in","Hosteller","MH-2","202","VERIFIED","215084988544","TADIKONDA SANJAY YEDUKONDALU","99240040780@klu.ac.in","9/7/2026, 4:17:14 PM"
"43","WEB-043","TECH SQUAD","Member 4","CHINTHALAPALLI MANIDEEP","99240040029","Male","CSE","III","24S17","7673904959","99240040029@klu.ac.in","Hosteller","MH-3","234","VERIFIED","215084988544","TADIKONDA SANJAY YEDUKONDALU","99240040780@klu.ac.in","9/7/2026, 4:17:14 PM"
"44","WEB-044","MIDNIGHT HAWK","Team Lead","GOGULA SIREESHA","99240041431","Female","CSE","III","24S15","8520065111","99240041431@klu.ac.in","Hosteller","LH-1","138","VERIFIED","786648812281","GOGULA SIREESHA","99240041324@klu.ac.in","9/7/2026, 4:43:50 PM"
"44","WEB-044","MIDNIGHT HAWK","Member 2","BHEEMIREDDY DIVYA SREE","99240041324","Female","CSE","III","24S15","8639787392","99240041324@klu.ac.in","Hosteller","LH-1","105","VERIFIED","786648812281","GOGULA SIREESHA","99240041324@klu.ac.in","9/7/2026, 4:43:50 PM"
"44","WEB-044","MIDNIGHT HAWK","Member 3","BHUMIREDDY PALLE BHAVYA","99240040849","Female","CSE","III","24S16","6302932288","99240040849@klu.ac.in","Hosteller","LH-1","141","VERIFIED","786648812281","GOGULA SIREESHA","99240041324@klu.ac.in","9/7/2026, 4:43:50 PM"
"44","WEB-044","MIDNIGHT HAWK","Member 4","C H GURU VENKATA RAHAVENDRA","99240040524","Male","CSE","III","24S06","6304940167","99240040524@klu.ac.in","Hosteller","MH-3","535","VERIFIED","786648812281","GOGULA SIREESHA","99240041324@klu.ac.in","9/7/2026, 4:43:50 PM"
"45","WEB-045","CORTEXCREW","Team Lead","GOPIREDDY NAVADEEP REDDY","99240040526","Male","CSE","III","24S06","9392420596","99240040526@klu.ac.in","Hosteller","MH-2","237","VERIFIED","811441997136","GOPIREDDY NAVADEEP REDDY","99240040440@klu.ac.in","9/7/2026, 4:44:21 PM"
"45","WEB-045","CORTEXCREW","Member 2","KAMALAMARRY JAHNAVI","99240040947","Female","CSE","III","24S11","6301052416","99240040947@klu.ac.in","Day Scholar","N/A","N/A","VERIFIED","811441997136","GOPIREDDY NAVADEEP REDDY","99240040440@klu.ac.in","9/7/2026, 4:44:21 PM"
"45","WEB-045","CORTEXCREW","Member 3","DASARI SARUPYA","99240040440","Female","CSE","III","24S05","7995711292","99240040440@klu.ac.in","Hosteller","LH-2","304","VERIFIED","811441997136","GOPIREDDY NAVADEEP REDDY","99240040440@klu.ac.in","9/7/2026, 4:44:21 PM"
"45","WEB-045","CORTEXCREW","Member 4","ASURI SAINT PAUL","99240040014","Male","CSE","III","24S18","9676586749","99240040014@klu.ac.in","Hosteller","MH-3","209","VERIFIED","811441997136","GOPIREDDY NAVADEEP REDDY","99240040440@klu.ac.in","9/7/2026, 4:44:21 PM"
"46","WEB-046","JAI JAWAN JAI KISAN","Team Lead","CHERUKU SAIVIGNESH","99240040860","Male","CSE","III","24S10","7661993393","99240040860@klu.ac.in","Hosteller","MH-7","229","VERIFIED","413863067134","CHERUKU SAIVIGNESH","99240040860@klu.ac.in","9/7/2026, 4:49:32 PM"
"46","WEB-046","JAI JAWAN JAI KISAN","Member 2","CHEEKATLA MOHAN SAI","99240040867","Male","CSE","III","24S10","7702320090","99240040867@klu.ac.in","Hosteller","MH-2","351","VERIFIED","413863067134","CHERUKU SAIVIGNESH","99240040860@klu.ac.in","9/7/2026, 4:49:32 PM"
"46","WEB-046","JAI JAWAN JAI KISAN","Member 3","ADI ANDHRA DIVVENDRA","99240040800","Male","CSE","III","24S10","6302043733","99240040800@klu.ac.in","Day Scholar","N/A","N/A","VERIFIED","413863067134","CHERUKU SAIVIGNESH","99240040860@klu.ac.in","9/7/2026, 4:49:32 PM"
"46","WEB-046","JAI JAWAN JAI KISAN","Member 4","PAPPIREDDY ISHITHA REDDY","99240040880","Female","CSE","III","24S11","8341619339","99240040880@klu.ac.in","Hosteller","LH-1","124","VERIFIED","413863067134","CHERUKU SAIVIGNESH","99240040860@klu.ac.in","9/7/2026, 4:49:32 PM"
"47","WEB-047","FOUR KINGS","Team Lead","T YASWANTH RAJ","9924005440","Male","ECE","III","A","7670820545","9924005440@klu.ac.in","Hosteller","MH-2","351","VERIFIED","625009050752","T YASWANTH RAJ","9924008022@klu.ac.in","9/7/2026, 5:08:29 PM"
"47","WEB-047","FOUR KINGS","Member 2","GUNTOOR MARUTHI","9924008022","Male","IT","III","A","9989282218","9924008022@klu.ac.in","Hosteller","MH-2","354","VERIFIED","625009050752","T YASWANTH RAJ","9924008022@klu.ac.in","9/7/2026, 5:08:29 PM"
"47","WEB-047","FOUR KINGS","Member 3","MUTYALA SAI KIRAN","99240041269","Male","CSE","III","24S16","9949261109","99240041269@klu.ac.in","Hosteller","MH-2","351","VERIFIED","625009050752","T YASWANTH RAJ","9924008022@klu.ac.in","9/7/2026, 5:08:29 PM"
"47","WEB-047","FOUR KINGS","Member 4","A YOGI NANDA PRABHAS","9924005002","Male","ECE","III","A","8096266277","9924005002@klu.ac.in","Hosteller","MH-3","618","VERIFIED","625009050752","T YASWANTH RAJ","9924008022@klu.ac.in","9/7/2026, 5:08:29 PM"
"48","WEB-048","THE UNIVERS","Team Lead","ARAVEETI PRAJWAL REDDY","99240040805","Male","CSE","III","24S10","8431652685","99240040805@klu.ac.in","Day Scholar","N/A","N/A","VERIFIED","848674671367","ARAVEETI PRAJWAL REDDY","99240040805@klu.ac.in","9/7/2026, 5:38:06 PM"
"48","WEB-048","THE UNIVERS","Member 2","SHAIK DADA KHALANDAR","99240041165","Male","CSE","III","24S14","8555932840","99240041165@klu.ac.in","Day Scholar","N/A","N/A","VERIFIED","848674671367","ARAVEETI PRAJWAL REDDY","99240040805@klu.ac.in","9/7/2026, 5:38:06 PM"
"48","WEB-048","THE UNIVERS","Member 3","TANAKANTI NITHIN","99240041215","Male","CSE","III","24S17","8885685597","99240041215@klu.ac.in","Day Scholar","N/A","N/A","VERIFIED","848674671367","ARAVEETI PRAJWAL REDDY","99240040805@klu.ac.in","9/7/2026, 5:38:06 PM"
"48","WEB-048","THE UNIVERS","Member 4","SHAIK FAIZUNUL","99240041174","Male","CSE","III","24S15","9030178471","99240041174@klu.ac.in","Day Scholar","N/A","N/A","VERIFIED","848674671367","ARAVEETI PRAJWAL REDDY","99240040805@klu.ac.in","9/7/2026, 5:38:06 PM"
"49","WEB-049","SECRET WARRIORS","Team Lead","DEVARAPU SUDHAKAR","99240040217","Male","CSE","III","24S02","9030041127","99240040217@klu.ac.in","Hosteller","MH-3","224","VERIFIED","586879284915","DEVARAPU SUDHAKAR","99240040217@klu.ac.in","9/7/2026, 5:38:51 PM"
"49","WEB-049","SECRET WARRIORS","Member 2","KUMMARI MADHUSUDANA RAO","99240040080","Male","CSE","III","24S18","7671002751","99240040080@klu.ac.in","Hosteller","MH-3","224","VERIFIED","586879284915","DEVARAPU SUDHAKAR","99240040217@klu.ac.in","9/7/2026, 5:38:51 PM"
"49","WEB-049","SECRET WARRIORS","Member 3","KONDATI NARESH","9924005085","Male","ECE","III","E","9912163873","9924005085@klu.ac.in","Hosteller","MH-3","224","VERIFIED","586879284915","DEVARAPU SUDHAKAR","99240040217@klu.ac.in","9/7/2026, 5:38:51 PM"
"49","WEB-049","SECRET WARRIORS","Member 4","DESAM BHANU PRAKASH REDDY","9924008076","Male","IT","III","24B","7680812742","9924008076@klu.ac.in","Hosteller","MH-3","210","VERIFIED","586879284915","DEVARAPU SUDHAKAR","99240040217@klu.ac.in","9/7/2026, 5:38:51 PM"
"50","WEB-050","BLESSED MINDS","Team Lead","CHAPPIDI AJAYKUMAR VENKAT RAMANA","99240040876","Male","CSE","III","24S11","7981715201","99240040876@klu.ac.in","Hosteller","MH-2","244","VERIFIED","046412349621","CHAPPIDI AJAYKUMAR VENKAT RAMANA","99240040876@klu.ac.in","9/7/2026, 6:05:00 PM"
"50","WEB-050","BLESSED MINDS","Member 2","KOPPARAPU NAGA VENKATA SAI MANIKANTA","99240040736","Male","CSE","III","24S09","7569871614","99240040736@klu.ac.in","Hosteller","MH-2","243","VERIFIED","046412349621","CHAPPIDI AJAYKUMAR VENKAT RAMANA","99240040876@klu.ac.in","9/7/2026, 6:05:00 PM"
"50","WEB-050","BLESSED MINDS","Member 3","MADAM ESWAR KISHORE","99240040276","Male","CSE","III","24S03","9059084557","99240040276@klu.ac.in","Hosteller","MH-2","204","VERIFIED","046412349621","CHAPPIDI AJAYKUMAR VENKAT RAMANA","99240040876@klu.ac.in","9/7/2026, 6:05:00 PM"
"50","WEB-050","BLESSED MINDS","Member 4","BURRI NARENDRA","9924005190","Male","ECE","III","B","7569177179","9924005190@klu.ac.in","Hosteller","MH-2","244","VERIFIED","046412349621","CHAPPIDI AJAYKUMAR VENKAT RAMANA","99240040876@klu.ac.in","9/7/2026, 6:05:00 PM"
"51","WEB-051","WEB WARRIORS","Team Lead","JAGADABI VAISHNAVI","9924005425","Female","ECE","III","G","7893768098","9924005425@klu.ac.in","Hosteller","LH-2","316","VERIFIED","395812424630","JAGADABI VAISHNAVI","9924005425@klu.ac.in","9/7/2026, 6:13:37 PM"
"51","WEB-051","WEB WARRIORS","Member 2","MADDELA BHARATH","99240041001","Male","CSE","III","24S12","9030678492","99240041001@klu.ac.in","Hosteller","MH-7","213","VERIFIED","395812424630","JAGADABI VAISHNAVI","9924005425@klu.ac.in","9/7/2026, 6:13:37 PM"
"51","WEB-051","WEB WARRIORS","Member 3","SHAIK NOORE SABHA","99240040771","Female","CSE","III","24S09","8500701004","99240040771@klu.ac.in","Hosteller","LH-2","316","VERIFIED","395812424630","JAGADABI VAISHNAVI","9924005425@klu.ac.in","9/7/2026, 6:13:37 PM"
"51","WEB-051","WEB WARRIORS","Member 4","GEVINI NAVADEEP","99240040908","Male","CSE","III","24S20","9398311489","99240040908@klu.ac.in","Hosteller","MH-7","213","VERIFIED","395812424630","JAGADABI VAISHNAVI","9924005425@klu.ac.in","9/7/2026, 6:13:37 PM"
"52","WEB-052","TEAM SPIRIT","Team Lead","CHINNAPAREDDY YOGANANDA REDDY","9924005391","Male","ECE","III","A","8919288276","9924005391@klu.ac.in","Day Scholar","N/A","N/A","VERIFIED","052052633218","CHINNAPAREDDY YOGANANDA REDDY","9924005391@klu.ac.in","9/7/2026, 6:17:47 PM"
"52","WEB-052","TEAM SPIRIT","Member 2","TEKURI SIVA SAI KUMAR","9924005054","Male","ECE","III","A","9398659300","9924005054@klu.ac.in","Hosteller","MH-6","209","VERIFIED","052052633218","CHINNAPAREDDY YOGANANDA REDDY","9924005391@klu.ac.in","9/7/2026, 6:17:47 PM"
"52","WEB-052","TEAM SPIRIT","Member 3","KONDURU ABHIRAMA RAJU","99240040086","Male","CSE","III","24S18","9494809590","99240040086@klu.ac.in","Hosteller","MH-6","209","VERIFIED","052052633218","CHINNAPAREDDY YOGANANDA REDDY","9924005391@klu.ac.in","9/7/2026, 6:17:47 PM"
"52","WEB-052","TEAM SPIRIT","Member 4","KOTA PUSHPAK CHOWDARY","99240040598","Male","CSE","III","24S20","6302686234","99240040598@klu.ac.in","Hosteller","MH-6","209","VERIFIED","052052633218","CHINNAPAREDDY YOGANANDA REDDY","9924005391@klu.ac.in","9/7/2026, 6:17:47 PM"
"53","WEB-053","TEAM TITANS","Team Lead","SHREEKANTHACHARI R S","99240040171","Male","CSE","III","24S02","9380905239","99240040171@klu.ac.in","Hosteller","MH-4","134","VERIFIED","323119597469","SHREEKANTHACHARI R S","99240040260@klu.ac.in","9/7/2026, 6:32:54 PM"
"53","WEB-053","TEAM TITANS","Member 2","TIRUMALA RAM PRASAD","99240040258","Male","CSE","III","24S02","7993749400","99240040258@klu.ac.in","Hosteller","MH-4","148","VERIFIED","323119597469","SHREEKANTHACHARI R S","99240040260@klu.ac.in","9/7/2026, 6:32:54 PM"
"53","WEB-053","TEAM TITANS","Member 3","KOLA VINAY DURGA","99240040260","Male","CSE","III","24S02","9014722434","99240040260@klu.ac.in","Hosteller","MH-4","148","VERIFIED","323119597469","SHREEKANTHACHARI R S","99240040260@klu.ac.in","9/7/2026, 6:32:54 PM"
"53","WEB-053","TEAM TITANS","Member 4","PUTTABOINA VENKATA RAMANA","99240040153","Male","CSE","III","24S02","7569164712","99240040153@klu.ac.in","Hosteller","MH-4","143","VERIFIED","323119597469","SHREEKANTHACHARI R S","99240040260@klu.ac.in","9/7/2026, 6:32:54 PM"
"54","WEB-054","THE RED SEA","Team Lead","TATIPARTHI RAVINDRA REDDY","99240040436","Male","CSE","III","24S05","9344689730","99240040436@klu.ac.in","Hosteller","MH-3","236","VERIFIED","625057631414","TATIPARTHI RAVINDRA REDDY","99240040933@klu.ac.in","9/7/2026, 7:01:27 PM"
"54","WEB-054","THE RED SEA","Member 2","SINGU SHANMUK SAI","99240040804","Male","CSE","III","24S10","8978190467","99240040804@klu.ac.in","Hosteller","MH-3","236","VERIFIED","625057631414","TATIPARTHI RAVINDRA REDDY","99240040933@klu.ac.in","9/7/2026, 7:01:27 PM"
"54","WEB-054","THE RED SEA","Member 3","ITHA REVANTH MANI PULLARAO","99240040933","Male","CSE","III","24S11","9951289644","99240040933@klu.ac.in","Hosteller","MH-3","236","VERIFIED","625057631414","TATIPARTHI RAVINDRA REDDY","99240040933@klu.ac.in","9/7/2026, 7:01:27 PM"
"54","WEB-054","THE RED SEA","Member 4","TALLAM SAI HASIKA","99240040438","Female","CSE","III","24S05","8919136307","99240040438@klu.ac.in","Hosteller","LH-2","310","VERIFIED","625057631414","TATIPARTHI RAVINDRA REDDY","99240040933@klu.ac.in","9/7/2026, 7:01:27 PM"
"55","WEB-055","RED SQUADRON","Team Lead","UPPALA DINESH","99230040442","Male","CSE","IV","S06","9959243185","99230040442@klu.ac.in","Hosteller","MH-3","119","VERIFIED","520374021914","UPPALA DINESH","99230040442@klu.ac.in","9/7/2026, 7:09:51 PM"
"55","WEB-055","RED SQUADRON","Member 2","ANIMALA GURU SAI NATH","9923005003","Male","ECE","IV","ECE-A","9949821926","9923005003@klu.ac.in","Hosteller","MH-3","119","VERIFIED","520374021914","UPPALA DINESH","99230040442@klu.ac.in","9/7/2026, 7:09:51 PM"
"55","WEB-055","RED SQUADRON","Member 3","MUDIVARTHI VISHWAK SAI","9923005157","Male","ECE","IV","ECE-D","9676029787","9923005157@klu.ac.in","Hosteller","MH-3","119","VERIFIED","520374021914","UPPALA DINESH","99230040442@klu.ac.in","9/7/2026, 7:09:51 PM"
"55","WEB-055","RED SQUADRON","Member 4","CHINTHAKAYALA SAI CHARAN","9923005071","Male","ECE","IV","ECE-A","9952037664","9923005071@klu.ac.in","Day Scholar","N/A","N/A","VERIFIED","520374021914","UPPALA DINESH","99230040442@klu.ac.in","9/7/2026, 7:09:51 PM"
"56","WEB-056","STRANGER THINGS","Team Lead","VUTAKANTI SREEKANTH REDDY","9824005012","Male","ECE","IV","B","6302725382","9824005012@klu.ac.in","Hosteller","MH-3","122","VERIFIED","648667892154","VUTAKANTI SREEKANTH REDDY","9824005012@klu.ac.in","9/8/2026, 10:20:41 PM"
"56","WEB-056","STRANGER THINGS","Member 2","BASWA DINESH","9923005005","Male","ECE","IV","B","7780403422","9923005005@klu.ac.in","Hosteller","MH-3","123","VERIFIED","648667892154","VUTAKANTI SREEKANTH REDDY","9824005012@klu.ac.in","9/8/2026, 10:20:41 PM"
"56","WEB-056","STRANGER THINGS","Member 3","CHEMBETI VINAY HARSHA","9923005067","Male","ECE","IV","B","7416661129","9923005067@klu.ac.in","Hosteller","MH-3","123","VERIFIED","648667892154","VUTAKANTI SREEKANTH REDDY","9824005012@klu.ac.in","9/8/2026, 10:20:41 PM"
"56","WEB-056","STRANGER THINGS","Member 4","ANKIREDDYPALLI PAVAN KUMAR REDDY","9923005059","Male","ECE","IV","B","7815986268","9923005059@klu.ac.in","Hosteller","MH-2","39","VERIFIED","648667892154","VUTAKANTI SREEKANTH REDDY","9824005012@klu.ac.in","9/8/2026, 10:20:41 PM"
"57","WEB-057","BYTE FORCE","Team Lead","BOPPADALA NAGA SANJAY","9824005007","Male","ECE","IV","B","9963915525","9824005007@klu.ac.in","Hosteller","MH-3","123","VERIFIED","623962348900","BOPPADALA NAGA SANJAY","9824005007@klu.ac.in","9/8/2026, 10:29:21 PM"
"57","WEB-057","BYTE FORCE","Member 2","MORUMPALLI BHANU PRAKASH REDDY","9824005010","Male","ECE","IV","B","6302393740","9824005010@klu.ac.in","Hosteller","MH-3","122","VERIFIED","623962348900","BOPPADALA NAGA SANJAY","9824005007@klu.ac.in","9/8/2026, 10:29:21 PM"
"57","WEB-057","BYTE FORCE","Member 3","SATYAVADA BHAVESH SHERAN","9824005006","Male","ECE","IV","B","83744024955","9824005006@klu.ac.in","Hosteller","MH-2","38","VERIFIED","623962348900","BOPPADALA NAGA SANJAY","9824005007@klu.ac.in","9/8/2026, 10:29:21 PM"
"57","WEB-057","BYTE FORCE","Member 4","VALIPI VISHNU VARDHAN","9923006001","Male","EEE","IV","A","9381839410","9923006001@klu.ac.in","Hosteller","MH-3","122","VERIFIED","623962348900","BOPPADALA NAGA SANJAY","9824005007@klu.ac.in","9/8/2026, 10:29:21 PM"
"58","WEB-058","TECHNOVA","Team Lead","RAAVULA VINAY","9923005124","Male","ECE","IV","B","8790041892","9923005124@klu.ac.in","Hosteller","MH-3","123","VERIFIED","283988515592","RAAVULA VINAY","9923005124@klu.ac.in","9/8/2026, 10:41:24 PM"
"58","WEB-058","TECHNOVA","Member 2","APPALA VENKATA SAI NIKHIL","9824005002","Male","ECE","IV","B","9490036940","9824005002@klu.ac.in","Hosteller","MH-2","38","VERIFIED","283988515592","RAAVULA VINAY","9923005124@klu.ac.in","9/8/2026, 10:41:24 PM"
"58","WEB-058","TECHNOVA","Member 3","KOLA ADARSH","9923005097","Male","ECE","IV","B","8019192006","9923005097@klu.ac.in","Hosteller","MH-2","38","VERIFIED","283988515592","RAAVULA VINAY","9923005124@klu.ac.in","9/8/2026, 10:41:24 PM"
"58","WEB-058","TECHNOVA","Member 4","AKULA YASWANTH","9824006004","Male","EEE","IV","A","7075853719","9824006004@klu.ac.in","Hosteller","MH-3","122","VERIFIED","283988515592","RAAVULA VINAY","9923005124@klu.ac.in","9/8/2026, 10:41:24 PM"
"59","WEB-059","QUANTUM CODERS","Team Lead","CHALLAGUNDLA SIVA JYOTHIKA","99240040858","Female","CSE","III","24S10","9059015217","99240040858@klu.ac.in","Hosteller","LH-1","120","VERIFIED","158781647759","CHALLAGUNDLA SIVA JYOTHIKA","99240040858@klu.ac.in","9/8/2026, 11:10:21 PM"
"59","WEB-059","QUANTUM CODERS","Member 2","NUSUM NAGA BHAVANI","99240040296","Female","CSE","III","24S03","9963230708","99240040296@klu.ac.in","Hosteller","LH-1","123","VERIFIED","158781647759","CHALLAGUNDLA SIVA JYOTHIKA","99240040858@klu.ac.in","9/8/2026, 11:10:21 PM"
"59","WEB-059","QUANTUM CODERS","Member 3","CHIDAY NANDEESWAR","99240041255","Male","CSE","III","24S16","9014218798","99240041255@klu.ac.in","Hosteller","MH-3","238","VERIFIED","158781647759","CHALLAGUNDLA SIVA JYOTHIKA","99240040858@klu.ac.in","9/8/2026, 11:10:21 PM"
"59","WEB-059","QUANTUM CODERS","Member 4","BARU LOKESWARA RAO","99240040842","Male","CSE","III","24S10","7989465120","99240040842@klu.ac.in","Hosteller","MH-3","506","VERIFIED","158781647759","CHALLAGUNDLA SIVA JYOTHIKA","99240040858@klu.ac.in","9/8/2026, 11:10:21 PM"
"60","WEB-060","FAHH","Team Lead","NERUSU GANESH","9924005324","Male","ECE","III","E","9133720118","9924005324@klu.ac.in","Hosteller","MH-2","230","VERIFIED","661625095091","NERUSU GANESH","9924005324@klu.ac.in","9/8/2026, 11:23:17 PM"
"60","WEB-060","FAHH","Member 2","KOTTHA ABHINAI","9924005087","Male","ECE","III","E","7702502768","9924005087@klu.ac.in","Hosteller","MH-3","520","VERIFIED","661625095091","NERUSU GANESH","9924005324@klu.ac.in","9/8/2026, 11:23:17 PM"
"60","WEB-060","FAHH","Member 3","SHAIK SAMEER AHMAD","9924005177","Male","ECE","III","E","7893524640","9924005177@klu.ac.in","Hosteller","MH-3","518","VERIFIED","661625095091","NERUSU GANESH","9924005324@klu.ac.in","9/8/2026, 11:23:17 PM"
"60","WEB-060","FAHH","Member 4","JETTIBOYINA BALA SAI SANKARA GANESH","9924005400","Male","ECE","III","E","9866400149","9924005400@klu.ac.in","Day Scholar","N/A","N/A","VERIFIED","661625095091","NERUSU GANESH","9924005324@klu.ac.in","9/8/2026, 11:23:17 PM"